{"cameraMode":{"drawMode":0,"name":"Shaded","section":"Shading Mode"},"sceneLighting":true,"audioPlay":false,"sceneViewState":{"m_AlwaysRefresh":false,"showFog":true,"showSkybox":true,"showFlares":true,"showImageEffects":true,"showParticleSystems":true,"showVisualEffectGraphs":true,"m_FxEnabled":true},"in2DMode":false,"pivot":{"x":6.284681797027588,"y":-0.36521267890930178,"z":1.979240894317627},"rotation":{"x":0.769524335861206,"y":-0.014363332651555539,"z":0.017316684126853944,"w":0.6382249593734741},"size":9.096424102783204,"orthographic":true}