{"cameraMode":{"drawMode":0,"name":"Shaded","section":"Shading Mode"},"sceneLighting":true,"audioPlay":false,"sceneViewState":{"m_AlwaysRefresh":false,"showFog":true,"showSkybox":true,"showFlares":true,"showImageEffects":true,"showParticleSystems":true,"showVisualEffectGraphs":true,"m_FxEnabled":true},"in2DMode":false,"pivot":{"x":3.7965831756591799,"y":3.1030869483947756,"z":2.0118603706359865},"rotation":{"x":0.17535100877285005,"y":-0.03838614374399185,"z":0.006846468895673752,"w":0.9837417006492615},"size":3.504784107208252,"orthographic":false}