{"cameraMode":{"drawMode":0,"name":"Shaded","section":"Shading Mode"},"sceneLighting":true,"audioPlay":false,"sceneViewState":{"m_AlwaysRefresh":false,"showFog":true,"showSkybox":true,"showFlares":true,"showImageEffects":true,"showParticleSystems":true,"showVisualEffectGraphs":true,"m_FxEnabled":true},"in2DMode":false,"pivot":{"x":3.6536717414855959,"y":4.625901222229004,"z":5.287207126617432},"rotation":{"x":0.264619380235672,"y":0.024587737396359445,"z":-0.006749268155544996,"w":0.9640161395072937},"size":8.569733619689942,"orthographic":true}