{"cameraMode":{"drawMode":0,"name":"Shaded","section":"Shading Mode"},"sceneLighting":true,"audioPlay":false,"sceneViewState":{"m_AlwaysRefresh":false,"showFog":true,"showSkybox":true,"showFlares":true,"showImageEffects":true,"showParticleSystems":true,"showVisualEffectGraphs":true,"m_FxEnabled":true},"in2DMode":false,"pivot":{"x":2.0434646606445314,"y":-2.4646711349487306,"z":-4.373450756072998},"rotation":{"x":-0.08739800751209259,"y":0.8924102187156677,"z":-0.19665515422821046,"w":-0.39660412073135378},"size":5.149756908416748,"orthographic":false}